{
  "lang":"fr",
  "name":"pipeline",
  "version":"0.0.0",
  "spacy_version":">=3.0.6,<3.1.0",
  "description":"",
  "author":"",
  "email":"",
  "url":"",
  "license":"",
  "spacy_git_version":"df3444421",
  "vectors":{
    "width":0,
    "vectors":0,
    "keys":0,
    "name":null
  },
  "labels":{
    "tok2vec":[

    ],
    "ner":[
      "ANAT",
      "CST_BIO",
      "MED_Galenique",
      "MED_Molecule",
      "MED_Posologie",
      "MED_Voie",
      "PATHO_Autre",
      "PATHO_Cardio",
      "PATHO_Dermato",
      "PATHO_Digestive",
      "PATHO_Genito_Uro",
      "PATHO_Musculo_Sque",
      "PATHO_Neuro",
      "PATHO_Orl",
      "PATHO_Psycho",
      "PATHO_Respi",
      "PATHO_Symptome",
      "PATHO_Tumeur",
      "PROC"
    ]
  },
  "pipeline":[
    "tok2vec",
    "ner"
  ],
  "components":[
    "tok2vec",
    "ner"
  ],
  "disabled":[

  ],
  "performance":{
    "ents_per_type":{
      "PATHO_Respi":{
        "p":0.8,
        "r":0.6896551724,
        "f":0.7407407407
      },
      "PATHO_Cardio":{
        "p":0.8,
        "r":0.3846153846,
        "f":0.5194805195
      },
      "PATHO_Autre":{
        "p":0.6979166667,
        "r":0.4135802469,
        "f":0.519379845
      },
      "PATHO_Dermato":{
        "p":0.75,
        "r":0.3,
        "f":0.4285714286
      },
      "PATHO_Psycho":{
        "p":0.7222222222,
        "r":0.4193548387,
        "f":0.5306122449
      },
      "MED_Molecule":{
        "p":0.8521400778,
        "r":0.5461346633,
        "f":0.6656534954
      },
      "MED_Posologie":{
        "p":0.8372781065,
        "r":0.7275064267,
        "f":0.7785419532
      },
      "PATHO_Symptome":{
        "p":0.5589353612,
        "r":0.7386934673,
        "f":0.6363636364
      },
      "PROC":{
        "p":0.6641791045,
        "r":0.6819923372,
        "f":0.6729678639
      },
      "CST_BIO":{
        "p":0.8105263158,
        "r":0.875,
        "f":0.8415300546
      },
      "ANAT":{
        "p":0.68,
        "r":0.6538461538,
        "f":0.6666666667
      },
      "PATHO_Musculo_Sque":{
        "p":1.0,
        "r":0.5,
        "f":0.6666666667
      },
      "MED_Voie":{
        "p":0.9868421053,
        "r":0.7978723404,
        "f":0.8823529412
      },
      "MED_Galenique":{
        "p":0.7272727273,
        "r":0.5882352941,
        "f":0.6504065041
      },
      "PATHO_Genito_Uro":{
        "p":0.6296296296,
        "r":0.5862068966,
        "f":0.6071428571
      },
      "PATHO_Digestive":{
        "p":0.6923076923,
        "r":0.675,
        "f":0.6835443038
      },
      "PATHO_Orl":{
        "p":0.7,
        "r":0.6363636364,
        "f":0.6666666667
      },
      "PATHO_Tumeur":{
        "p":0.7,
        "r":0.7777777778,
        "f":0.7368421053
      },
      "PATHO_Neuro":{
        "p":0.8333333333,
        "r":0.2380952381,
        "f":0.3703703704
      }
    },
    "ents_f":0.6855197696,
    "ents_p":0.744596132,
    "ents_r":0.6351285784,
    "tok2vec_loss":795.2582036478,
    "ner_loss":466.0918716952
  }
}