{
  "lang":"fr",
  "name":"pipeline",
  "version":"0.0.0",
  "spacy_version":">=3.0.6,<3.1.0",
  "description":"",
  "author":"",
  "email":"",
  "url":"",
  "license":"",
  "spacy_git_version":"df3444421",
  "vectors":{
    "width":0,
    "vectors":0,
    "keys":0,
    "name":null
  },
  "labels":{
    "tok2vec":[

    ],
    "ner":[
      "ANAT",
      "CST_BIO",
      "MED_Galenique",
      "MED_Molecule",
      "MED_Posologie",
      "MED_Voie",
      "PATHO_Autre",
      "PATHO_Cardio",
      "PATHO_Dermato",
      "PATHO_Digestive",
      "PATHO_Genito_Uro",
      "PATHO_Musculo_Sque",
      "PATHO_Neuro",
      "PATHO_Orl",
      "PATHO_Psycho",
      "PATHO_Respi",
      "PATHO_Symptome",
      "PATHO_Tumeur",
      "PROC"
    ]
  },
  "pipeline":[
    "tok2vec",
    "ner"
  ],
  "components":[
    "tok2vec",
    "ner"
  ],
  "disabled":[

  ],
  "performance":{
    "ents_per_type":{
      "PATHO_Respi":{
        "p":0.7037037037,
        "r":0.6551724138,
        "f":0.6785714286
      },
      "PATHO_Cardio":{
        "p":0.8333333333,
        "r":0.3846153846,
        "f":0.5263157895
      },
      "PATHO_Autre":{
        "p":0.5818181818,
        "r":0.3950617284,
        "f":0.4705882353
      },
      "PATHO_Dermato":{
        "p":0.6,
        "r":0.3,
        "f":0.4
      },
      "PATHO_Psycho":{
        "p":0.8666666667,
        "r":0.4193548387,
        "f":0.5652173913
      },
      "MED_Molecule":{
        "p":0.8333333333,
        "r":0.5486284289,
        "f":0.6616541353
      },
      "MED_Posologie":{
        "p":0.8031496063,
        "r":0.7866323907,
        "f":0.7948051948
      },
      "PATHO_Symptome":{
        "p":0.6497695853,
        "r":0.7085427136,
        "f":0.6778846154
      },
      "PROC":{
        "p":0.6643356643,
        "r":0.7279693487,
        "f":0.6946983547
      },
      "CST_BIO":{
        "p":0.8953488372,
        "r":0.875,
        "f":0.8850574713
      },
      "ANAT":{
        "p":0.796875,
        "r":0.6538461538,
        "f":0.7183098592
      },
      "PATHO_Musculo_Sque":{
        "p":1.0,
        "r":0.5,
        "f":0.6666666667
      },
      "MED_Voie":{
        "p":0.9736842105,
        "r":0.7872340426,
        "f":0.8705882353
      },
      "MED_Galenique":{
        "p":0.7692307692,
        "r":0.5882352941,
        "f":0.6666666667
      },
      "PATHO_Genito_Uro":{
        "p":0.7272727273,
        "r":0.5517241379,
        "f":0.6274509804
      },
      "PATHO_Digestive":{
        "p":0.619047619,
        "r":0.65,
        "f":0.6341463415
      },
      "PATHO_Orl":{
        "p":0.5833333333,
        "r":0.6363636364,
        "f":0.6086956522
      },
      "PATHO_Tumeur":{
        "p":0.4827586207,
        "r":0.7777777778,
        "f":0.5957446809
      },
      "PATHO_Neuro":{
        "p":1.0,
        "r":0.2380952381,
        "f":0.3846153846
      }
    },
    "ents_f":0.6944734098,
    "ents_p":0.7504225352,
    "ents_r":0.6462882096,
    "tok2vec_loss":586.5932850016,
    "ner_loss":520.4324426408
  }
}